id,username,email,created_at
1,rapidfield64,rapidfield64@hackstack.io,2025-07-30 07:45:01
2,briskzenith02,briskzenith02@relay.cloud,2025-05-12 13:22:57
3,warmkernel90,warmkernel90@relay.cloud,2024-08-30 10:01:45
4,tidyuplink28,tidyuplink28@relay.cloud,2024-11-27 23:27:58
5,dawnpioneer47,dawnpioneer47@opswise.net,2024-12-10 15:46:22
6,jadebeacon91,jadebeacon91@hackstack.io,2024-08-15 04:36:00
7,brisktrail24,brisktrail24@relay.cloud,2024-08-10 01:31:36
8,tidylagoon00,tidylagoon00@seeded.app,2025-05-15 21:51:29
9,briskmeadow15,briskmeadow15@example.com,2024-06-09 20:44:48
10,cobaltquartz64,cobaltquartz64@opswise.net,2024-01-21 04:38:28
11,silverfield66,silverfield66@hackstack.io,2025-06-25 15:41:01
12,urbanpioneer18,urbanpioneer18@relay.cloud,2024-06-12 18:13:56
13,clearjourney41,clearjourney41@opswise.net,2024-04-23 07:43:35
14,livelynetwork37,livelynetwork37@hackstack.io,2025-04-01 02:38:00
15,vividjourney90,vividjourney90@example.com,2026-01-13 21:42:53
16,quietlagoon72,quietlagoon72@seeded.app,2025-08-10 19:04:02
17,proudnetwork33,proudnetwork33@relay.cloud,2024-02-29 10:50:43
18,emberjourney34,emberjourney34@example.com,2024-08-03 21:50:51
19,quiettrail71,quiettrail71@relay.cloud,2025-02-07 05:51:56
20,rapidyard83,rapidyard83@example.com,2025-03-18 05:07:53
21,rapidvalley69,rapidvalley69@relay.cloud,2025-06-24 17:58:16
22,quietdelta96,quietdelta96@seeded.app,2025-09-09 21:30:57
23,urbanisland53,urbanisland53@relay.cloud,2024-04-29 19:26:32
24,keenlagoon53,keenlagoon53@hackstack.io,2025-02-16 05:56:52
25,youngfield81,youngfield81@example.com,2024-01-05 01:58:39
26,clearcanyon15,clearcanyon15@acme.dev,2024-02-05 18:18:13
27,quietgarden19,quietgarden19@example.com,2025-06-29 04:05:07
28,emberharvest79,emberharvest79@seeded.app,2024-10-08 21:35:18
29,cobaltbeacon64,cobaltbeacon64@hackstack.io,2025-09-24 23:39:58
30,ivoryjourney08,ivoryjourney08@example.com,2024-02-28 04:39:48
31,amberjourney27,amberjourney27@hackstack.io,2025-06-04 10:39:38
32,ambercanyon96,ambercanyon96@example.com,2025-08-23 19:49:15
33,vividtrail49,vividtrail49@example.com,2025-01-16 12:05:30
34,clearzenith43,clearzenith43@relay.cloud,2025-03-26 07:56:00
35,mellowkernel35,mellowkernel35@seeded.app,2024-03-15 06:10:37
36,keensignal14,keensignal14@seeded.app,2024-12-08 11:52:12
37,tidyquartz67,tidyquartz67@acme.dev,2025-09-05 06:44:33
38,vividyard58,vividyard58@hackstack.io,2025-05-21 10:16:05
39,forestcanyon96,forestcanyon96@relay.cloud,2025-03-21 12:51:21
40,amberyard30,amberyard30@example.com,2024-08-03 12:07:22
41,keenquartz65,keenquartz65@opswise.net,2025-07-18 02:59:15
42,cobaltorbit10,cobaltorbit10@example.com,2025-02-17 00:20:09
43,livelyyard50,livelyyard50@acme.dev,2024-11-23 07:21:43
44,keensignal31,keensignal31@example.com,2025-08-04 10:12:38
45,dawntrail38,dawntrail38@relay.cloud,2024-03-06 04:53:09
46,ivoryjourney92,ivoryjourney92@acme.dev,2024-01-09 04:16:01
47,forestharvest61,forestharvest61@hackstack.io,2025-10-04 05:30:58
48,golddelta89,golddelta89@hackstack.io,2024-10-27 17:45:01
49,tidyuplink16,tidyuplink16@relay.cloud,2024-03-28 05:27:55
50,opalyard98,opalyard98@acme.dev,2024-04-30 21:56:55
51,urbancanyon96,urbancanyon96@opswise.net,2024-11-07 15:24:55
52,embergarden62,embergarden62@acme.dev,2025-12-25 00:56:28
53,warmjourney21,warmjourney21@hackstack.io,2024-05-29 15:24:32
54,livelyisland39,livelyisland39@seeded.app,2024-07-24 03:06:35
55,proudanchor75,proudanchor75@example.com,2024-02-23 20:45:40
56,calmzenith84,calmzenith84@opswise.net,2025-02-13 12:51:09
57,goldtrail75,goldtrail75@seeded.app,2024-03-06 18:13:43
58,calmuplink78,calmuplink78@seeded.app,2025-05-24 04:11:14
59,jadewindow51,jadewindow51@relay.cloud,2025-03-01 03:14:45
60,mellowcanyon23,mellowcanyon23@acme.dev,2024-01-22 11:43:48
61,briskkernel75,briskkernel75@hackstack.io,2024-01-14 14:51:34
62,navyfield84,navyfield84@hackstack.io,2024-06-06 17:47:45
63,vividyard94,vividyard94@relay.cloud,2024-01-13 21:38:47
64,goldcanyon70,goldcanyon70@acme.dev,2024-04-16 05:21:19
65,proudlagoon16,proudlagoon16@seeded.app,2025-05-25 17:27:50
66,urbanzenith96,urbanzenith96@opswise.net,2024-07-25 15:38:07
67,warmisland40,warmisland40@opswise.net,2024-02-28 11:49:07
68,emberuplink15,emberuplink15@seeded.app,2026-01-23 17:02:40
69,keenharvest85,keenharvest85@seeded.app,2025-08-28 07:04:24
70,clearriver35,clearriver35@relay.cloud,2025-11-28 13:54:22
71,silverpioneer51,silverpioneer51@relay.cloud,2024-12-25 01:40:31
72,mellowuplink02,mellowuplink02@relay.cloud,2025-02-13 01:41:00
73,livelypioneer05,livelypioneer05@opswise.net,2024-09-03 19:26:58
74,vividriver62,vividriver62@opswise.net,2025-01-02 19:21:33
75,mellowtrail23,mellowtrail23@seeded.app,2024-03-08 11:51:02
76,quietharvest77,quietharvest77@opswise.net,2025-11-21 19:20:02
77,ivorytrail49,ivorytrail49@opswise.net,2025-06-16 15:36:53
78,urbanorbit87,urbanorbit87@hackstack.io,2025-03-14 15:33:04
79,harborriver49,harborriver49@example.com,2025-12-14 00:10:38
80,opalfield00,opalfield00@example.com,2024-04-18 07:27:55
81,ivorycanyon47,ivorycanyon47@example.com,2024-10-08 23:18:00
82,quietharvest71,quietharvest71@opswise.net,2024-03-20 04:34:42
83,forestpioneer39,forestpioneer39@acme.dev,2024-05-11 20:26:57
84,vividvalley69,vividvalley69@opswise.net,2025-09-08 10:00:02
85,opalpioneer23,opalpioneer23@hackstack.io,2024-05-03 18:17:08
86,goldjourney57,goldjourney57@opswise.net,2024-10-01 13:40:50
87,keenyard05,keenyard05@opswise.net,2025-08-09 02:41:16
88,tidyyard90,tidyyard90@opswise.net,2024-09-02 10:19:41
89,clearsignal68,clearsignal68@acme.dev,2024-11-29 01:51:15
90,keenengine60,keenengine60@acme.dev,2025-09-27 00:25:53
91,embercanyon90,embercanyon90@seeded.app,2024-12-29 04:13:56
92,mellowpioneer94,mellowpioneer94@relay.cloud,2024-01-15 21:08:50
93,harborbeacon74,harborbeacon74@relay.cloud,2024-10-08 13:52:14
94,opalriver05,opalriver05@example.com,2024-10-23 03:08:20
95,forestanchor02,forestanchor02@example.com,2025-11-24 04:13:04
96,briskdelta30,briskdelta30@acme.dev,2025-02-10 07:52:21
97,tidyjourney57,tidyjourney57@hackstack.io,2024-06-12 10:39:42
98,calmengine39,calmengine39@seeded.app,2024-09-13 17:48:38
99,mellowgarden79,mellowgarden79@relay.cloud,2025-02-17 17:03:10
100,goldkernel01,goldkernel01@hackstack.io,2025-03-06 17:40:38
101,younganchor89,younganchor89@seeded.app,2024-09-13 10:53:48
102,calmisland00,calmisland00@seeded.app,2024-01-18 13:39:55
103,urbanjourney32,urbanjourney32@relay.cloud,2025-09-15 13:38:20
104,youngdelta06,youngdelta06@hackstack.io,2024-07-04 12:06:13
105,rapidharvest83,rapidharvest83@opswise.net,2024-09-11 00:15:48
106,jadepioneer30,jadepioneer30@acme.dev,2025-02-10 07:26:19
107,warmyard00,warmyard00@example.com,2026-01-13 18:37:45
108,jadebeacon50,jadebeacon50@example.com,2025-07-30 18:22:36
109,vividdelta39,vividdelta39@relay.cloud,2025-07-14 19:57:51
110,briskfield53,briskfield53@opswise.net,2024-06-25 21:31:23
111,opalisland11,opalisland11@seeded.app,2024-05-27 09:18:04
112,tidydelta81,tidydelta81@acme.dev,2025-06-16 23:32:02
113,proudcanyon57,proudcanyon57@seeded.app,2025-07-22 13:33:49
114,calmdelta55,calmdelta55@hackstack.io,2025-03-28 18:08:49
115,youngriver12,youngriver12@acme.dev,2024-12-06 04:22:16
116,opalyard86,opalyard86@relay.cloud,2025-12-15 11:19:41
117,jadequartz09,jadequartz09@acme.dev,2024-07-22 05:09:50
118,vividpioneer01,vividpioneer01@relay.cloud,2024-06-25 18:40:49
119,goldcanyon85,goldcanyon85@acme.dev,2024-04-16 06:22:29
120,calmbeacon64,calmbeacon64@acme.dev,2025-02-27 01:19:52
121,dawnnetwork55,dawnnetwork55@acme.dev,2025-06-04 05:22:23
122,calmuplink65,calmuplink65@hackstack.io,2025-03-21 23:09:27
123,rapidgarden10,rapidgarden10@relay.cloud,2025-03-18 17:47:47
124,ambernetwork89,ambernetwork89@seeded.app,2025-04-15 05:56:47
125,harborlagoon66,harborlagoon66@opswise.net,2025-01-19 07:12:31
126,ivoryyard67,ivoryyard67@relay.cloud,2025-08-06 07:18:17
127,emberlagoon81,emberlagoon81@hackstack.io,2024-07-30 00:40:29
128,mellowisland03,mellowisland03@hackstack.io,2024-03-29 15:57:06
129,dawnharvest52,dawnharvest52@seeded.app,2025-10-08 06:19:05
130,harborkernel60,harborkernel60@relay.cloud,2024-09-01 11:11:47
131,briskuplink77,briskuplink77@hackstack.io,2024-07-18 07:57:37
132,tidyvalley24,tidyvalley24@opswise.net,2025-03-17 15:40:45
133,opalsignal68,opalsignal68@hackstack.io,2025-11-02 20:47:32
134,navyisland07,navyisland07@relay.cloud,2024-05-12 10:54:46
135,ivorypioneer45,ivorypioneer45@relay.cloud,2024-09-24 21:25:00
136,younganchor46,younganchor46@acme.dev,2025-04-04 21:34:16
137,vividlagoon44,vividlagoon44@opswise.net,2026-01-14 12:51:39
138,cobaltdelta26,cobaltdelta26@opswise.net,2024-08-01 20:57:02
139,younganchor24,younganchor24@seeded.app,2024-11-14 05:37:07
140,embervalley75,embervalley75@hackstack.io,2024-07-30 09:31:39
141,calmtrail00,calmtrail00@opswise.net,2024-03-18 13:38:34
142,jadeyard09,jadeyard09@relay.cloud,2024-08-11 04:28:50
143,urbankernel38,urbankernel38@hackstack.io,2024-07-14 11:45:04
144,quietquartz69,quietquartz69@relay.cloud,2025-09-06 09:59:20
145,youngquartz33,youngquartz33@seeded.app,2024-01-27 03:05:50
146,ivoryharvest65,ivoryharvest65@hackstack.io,2024-11-03 16:51:02
147,proudnetwork27,proudnetwork27@acme.dev,2024-06-05 03:41:03
148,livelyorbit71,livelyorbit71@opswise.net,2024-05-21 18:28:36
149,forestlagoon47,forestlagoon47@relay.cloud,2025-07-15 17:45:15
150,cobaltjourney28,cobaltjourney28@seeded.app,2025-06-04 11:57:45
151,keencanyon61,keencanyon61@relay.cloud,2024-10-25 02:35:06
152,dawnquartz98,dawnquartz98@example.com,2025-01-21 04:22:28
153,jadenetwork99,jadenetwork99@opswise.net,2024-10-13 13:56:41
154,warmfield23,warmfield23@example.com,2024-06-19 19:03:07
155,forestjourney69,forestjourney69@hackstack.io,2025-09-07 08:07:34
156,mellowyard47,mellowyard47@opswise.net,2025-09-11 09:52:21
157,dawncanyon89,dawncanyon89@hackstack.io,2024-03-30 12:54:29
158,vividvalley68,vividvalley68@example.com,2025-01-19 17:45:57
159,youngnetwork59,youngnetwork59@opswise.net,2025-03-10 17:30:28
160,calmwindow84,calmwindow84@hackstack.io,2025-03-24 13:02:31
161,younggarden41,younggarden41@seeded.app,2024-10-13 02:21:10
162,goldwindow73,goldwindow73@seeded.app,2024-04-28 07:33:36
163,quietengine84,quietengine84@relay.cloud,2024-04-07 12:06:13
164,navyriver79,navyriver79@acme.dev,2024-08-13 04:33:53
165,forestdelta48,forestdelta48@opswise.net,2025-01-07 19:50:05
166,proudgarden64,proudgarden64@acme.dev,2025-06-22 02:07:19
167,forestdelta65,forestdelta65@opswise.net,2024-06-26 00:11:36
168,cobaltwindow16,cobaltwindow16@seeded.app,2025-08-08 15:16:32
169,cobaltwindow43,cobaltwindow43@opswise.net,2024-05-09 09:47:38
170,urbantrail92,urbantrail92@acme.dev,2024-01-24 09:07:43
171,quietisland65,quietisland65@opswise.net,2025-09-27 17:53:35
172,keenuplink43,keenuplink43@hackstack.io,2025-08-26 03:57:25
173,silverjourney67,silverjourney67@relay.cloud,2025-12-24 03:20:26
174,proudkernel47,proudkernel47@acme.dev,2024-05-21 16:50:53
175,harbordelta81,harbordelta81@hackstack.io,2024-07-06 10:39:37
176,navyorbit51,navyorbit51@relay.cloud,2024-02-05 21:52:47
177,vividuplink13,vividuplink13@hackstack.io,2025-06-27 23:19:11
178,opalwindow82,opalwindow82@hackstack.io,2024-10-09 15:27:09
179,ivoryanchor77,ivoryanchor77@example.com,2024-11-20 15:38:44
180,livelybeacon42,livelybeacon42@acme.dev,2024-04-21 09:51:59
181,briskvalley90,briskvalley90@seeded.app,2024-03-02 18:03:23
182,keenyard47,keenyard47@example.com,2026-01-29 03:59:23
183,briskquartz64,briskquartz64@opswise.net,2024-10-16 23:41:29
184,briskanchor05,briskanchor05@seeded.app,2024-08-17 08:37:22
185,harborwindow52,harborwindow52@acme.dev,2026-01-20 19:29:54
186,youngbeacon23,youngbeacon23@hackstack.io,2024-08-15 05:52:28
187,proudfield56,proudfield56@hackstack.io,2024-02-14 04:50:58
188,mellowwindow83,mellowwindow83@seeded.app,2024-06-24 07:34:29
189,calmzenith25,calmzenith25@hackstack.io,2025-11-08 23:53:14
190,dawnriver65,dawnriver65@acme.dev,2025-03-08 02:39:26
191,embergarden83,embergarden83@seeded.app,2025-04-01 19:22:18
192,calmsignal72,calmsignal72@opswise.net,2024-02-16 07:34:08
193,briskyard66,briskyard66@acme.dev,2024-03-11 13:16:18
194,goldkernel25,goldkernel25@acme.dev,2025-03-11 05:52:21
195,ambermeadow37,ambermeadow37@seeded.app,2024-05-04 13:21:56
196,harborriver28,harborriver28@relay.cloud,2024-04-21 10:00:42
197,embercanyon09,embercanyon09@relay.cloud,2024-02-11 22:17:18
198,tidyriver18,tidyriver18@seeded.app,2025-07-01 08:05:10
199,briskcanyon07,briskcanyon07@hackstack.io,2026-01-07 06:23:43
200,quietkernel79,quietkernel79@relay.cloud,2025-12-03 04:41:37
201,tidyquartz01,tidyquartz01@relay.cloud,2024-10-05 18:48:14
202,proudkernel54,proudkernel54@acme.dev,2025-01-01 09:18:53
203,silveryard48,silveryard48@relay.cloud,2025-08-07 10:41:30
204,clearquartz26,clearquartz26@seeded.app,2024-05-27 21:02:47
205,urbanriver27,urbanriver27@hackstack.io,2025-11-19 08:51:04
206,rapidriver16,rapidriver16@hackstack.io,2026-01-09 02:49:42
207,quietnetwork87,quietnetwork87@seeded.app,2025-08-21 06:09:51
208,calmvalley46,calmvalley46@acme.dev,2025-05-18 03:57:33
209,vividzenith18,vividzenith18@relay.cloud,2025-01-29 13:07:14
210,quietorbit20,quietorbit20@hackstack.io,2024-10-07 08:27:08
211,urbanriver54,urbanriver54@opswise.net,2025-11-01 01:52:40
212,navykernel39,navykernel39@seeded.app,2025-02-08 18:58:22
213,opalengine43,opalengine43@example.com,2024-08-18 09:24:17
214,rapidyard66,rapidyard66@example.com,2024-10-05 05:47:42
215,forestzenith66,forestzenith66@relay.cloud,2025-04-24 23:14:06
216,navyharvest65,navyharvest65@example.com,2025-05-29 08:47:11
217,keenkernel07,keenkernel07@relay.cloud,2025-01-24 20:14:59
218,ivorywindow05,ivorywindow05@opswise.net,2025-03-26 19:03:34
219,emberlagoon40,emberlagoon40@relay.cloud,2024-10-28 09:53:07
220,proudbeacon92,proudbeacon92@seeded.app,2025-01-25 14:37:15
221,dawnpioneer14,dawnpioneer14@example.com,2024-07-01 10:33:12
222,navysignal00,navysignal00@opswise.net,2024-01-29 05:40:39
223,forestwindow08,forestwindow08@relay.cloud,2025-01-14 10:47:10
224,goldcanyon64,goldcanyon64@seeded.app,2024-05-24 10:41:35
225,ivoryyard62,ivoryyard62@seeded.app,2024-02-09 02:35:26
226,briskzenith90,briskzenith90@opswise.net,2025-10-11 13:52:41
227,quietharvest39,quietharvest39@seeded.app,2024-03-13 16:29:46
228,proudbeacon90,proudbeacon90@example.com,2024-05-12 09:43:22
229,jadewindow47,jadewindow47@opswise.net,2024-09-21 10:58:53
230,amberzenith85,amberzenith85@hackstack.io,2024-02-13 06:24:49
231,clearnetwork15,clearnetwork15@seeded.app,2024-11-23 21:49:07
232,dawnjourney63,dawnjourney63@relay.cloud,2025-12-26 22:31:48
233,clearharvest10,clearharvest10@acme.dev,2024-12-27 14:40:14
234,dawnuplink16,dawnuplink16@opswise.net,2024-09-19 18:43:28
235,forestvalley35,forestvalley35@seeded.app,2025-07-26 12:34:31
236,urbanorbit83,urbanorbit83@hackstack.io,2025-12-23 05:02:54
237,mellowbeacon79,mellowbeacon79@hackstack.io,2025-08-16 01:29:15
238,rapidkernel41,rapidkernel41@example.com,2025-10-29 13:26:39
239,dawnbeacon80,dawnbeacon80@hackstack.io,2025-10-05 08:05:09
240,ivoryengine32,ivoryengine32@opswise.net,2025-08-13 19:51:09
241,briskquartz51,briskquartz51@relay.cloud,2024-08-27 04:09:01
242,embergarden37,embergarden37@seeded.app,2024-03-18 08:19:47
243,navyorbit23,navyorbit23@seeded.app,2024-09-10 22:13:34
244,briskgarden61,briskgarden61@relay.cloud,2025-12-20 17:20:15
245,dawnanchor60,dawnanchor60@example.com,2024-03-26 23:00:03
246,tidyriver07,tidyriver07@opswise.net,2026-01-03 18:22:29
247,emberriver02,emberriver02@acme.dev,2024-01-06 20:21:56
248,amberisland37,amberisland37@acme.dev,2025-10-27 18:49:29
249,forestfield19,forestfield19@seeded.app,2025-06-30 05:29:05
250,jadevalley20,jadevalley20@opswise.net,2024-01-02 18:59:01
251,keenisland34,keenisland34@example.com,2024-02-10 04:15:22
252,cobaltisland27,cobaltisland27@seeded.app,2024-10-23 13:31:54
253,emberbeacon51,emberbeacon51@seeded.app,2024-08-06 09:53:59
254,vividanchor68,vividanchor68@opswise.net,2025-01-08 12:10:38
255,cobaltkernel02,cobaltkernel02@seeded.app,2026-01-27 10:54:22
256,harboryard96,harboryard96@acme.dev,2024-11-25 17:34:02
257,dawnisland28,dawnisland28@hackstack.io,2024-08-14 07:01:52
258,forestorbit20,forestorbit20@relay.cloud,2025-03-21 18:16:41
259,proudsignal31,proudsignal31@example.com,2025-08-26 03:59:05
260,keenlagoon95,keenlagoon95@hackstack.io,2025-04-14 06:54:11
261,ambercanyon57,ambercanyon57@example.com,2025-04-11 13:10:01
262,urbandelta76,urbandelta76@acme.dev,2025-04-03 10:41:36
263,livelygarden09,livelygarden09@relay.cloud,2026-01-25 08:31:14
264,urbanyard99,urbanyard99@relay.cloud,2024-10-20 15:38:26
265,mellowfield74,mellowfield74@seeded.app,2024-03-25 01:00:17
266,rapidnetwork17,rapidnetwork17@opswise.net,2024-01-12 11:14:19
267,youngfield62,youngfield62@opswise.net,2025-05-18 17:36:20
268,cobaltcanyon13,cobaltcanyon13@relay.cloud,2024-04-01 10:32:14
269,quietcanyon78,quietcanyon78@example.com,2024-01-21 01:10:13
270,vividjourney99,vividjourney99@opswise.net,2025-03-25 03:58:20
271,embercanyon16,embercanyon16@example.com,2024-06-17 05:59:36
272,navyzenith42,navyzenith42@acme.dev,2025-12-28 03:58:07
273,briskdelta18,briskdelta18@acme.dev,2024-12-19 12:09:19
274,warmzenith35,warmzenith35@acme.dev,2024-02-09 10:52:41
275,mellowfield03,mellowfield03@hackstack.io,2024-11-09 14:54:12
276,opalnetwork97,opalnetwork97@acme.dev,2025-07-06 17:19:22
277,opalbeacon08,opalbeacon08@hackstack.io,2024-12-02 15:56:58
278,dawnbeacon07,dawnbeacon07@relay.cloud,2025-08-13 05:55:08
279,urbanzenith84,urbanzenith84@seeded.app,2024-02-04 20:10:03
280,emberpioneer99,emberpioneer99@seeded.app,2024-12-22 17:06:14
281,navyharvest00,navyharvest00@hackstack.io,2025-03-16 00:03:41
282,ambersignal39,ambersignal39@seeded.app,2024-11-24 18:26:06
283,urbanengine62,urbanengine62@example.com,2025-02-16 11:22:00
284,tidyengine83,tidyengine83@seeded.app,2025-11-10 00:06:43
285,cobaltlagoon93,cobaltlagoon93@relay.cloud,2024-09-01 18:31:35
286,keenengine83,keenengine83@hackstack.io,2024-10-21 20:50:16
287,cobaltfield81,cobaltfield81@opswise.net,2025-08-24 18:57:34
288,goldpioneer62,goldpioneer62@opswise.net,2025-08-28 01:00:09
289,livelyanchor53,livelyanchor53@relay.cloud,2024-09-18 15:49:32
290,cleargarden18,cleargarden18@acme.dev,2025-05-19 19:11:30
291,ivorydelta08,ivorydelta08@opswise.net,2025-10-12 04:29:45
292,mellowtrail73,mellowtrail73@relay.cloud,2025-12-29 14:00:35
293,ivoryuplink36,ivoryuplink36@seeded.app,2024-02-16 17:27:44
294,goldtrail32,goldtrail32@seeded.app,2025-06-08 08:05:46
295,dawnmeadow51,dawnmeadow51@seeded.app,2025-10-31 10:41:15
296,rapidsignal43,rapidsignal43@hackstack.io,2025-09-04 23:16:38
297,goldyard11,goldyard11@hackstack.io,2025-11-24 15:06:47
298,quietvalley43,quietvalley43@seeded.app,2025-06-27 08:15:55
299,golddelta81,golddelta81@relay.cloud,2024-04-22 18:25:51
300,dawntrail00,dawntrail00@hackstack.io,2025-01-03 06:52:13
301,mellowwindow75,mellowwindow75@hackstack.io,2024-08-31 16:12:10
302,embermeadow54,embermeadow54@hackstack.io,2024-10-27 12:16:57
303,silverdelta40,silverdelta40@acme.dev,2025-07-25 05:40:01
304,keenwindow47,keenwindow47@seeded.app,2025-04-09 04:30:22
305,quietriver53,quietriver53@opswise.net,2025-10-07 06:33:04
306,dawnharvest09,dawnharvest09@example.com,2024-01-09 09:44:15
307,tidyfield74,tidyfield74@hackstack.io,2026-01-10 20:29:14
308,younganchor14,younganchor14@opswise.net,2024-12-12 17:04:28
309,livelykernel27,livelykernel27@opswise.net,2024-11-12 16:30:02
310,opalsignal91,opalsignal91@seeded.app,2025-09-18 02:55:40
311,mellowquartz29,mellowquartz29@seeded.app,2026-01-25 22:37:58
312,forestkernel01,forestkernel01@opswise.net,2025-10-20 09:08:44
313,cobaltisland57,cobaltisland57@acme.dev,2024-10-04 17:49:30
314,jadeuplink62,jadeuplink62@example.com,2025-11-05 11:38:34
315,livelyengine09,livelyengine09@opswise.net,2024-06-27 12:31:26
316,jadepioneer14,jadepioneer14@relay.cloud,2025-11-20 18:08:54
317,clearpioneer39,clearpioneer39@acme.dev,2025-03-30 23:33:55
318,warmgarden28,warmgarden28@hackstack.io,2025-09-14 05:43:15
319,rapidengine82,rapidengine82@example.com,2024-05-28 15:55:58
320,emberfield53,emberfield53@acme.dev,2025-01-27 08:03:08
321,cobaltvalley39,cobaltvalley39@seeded.app,2025-08-30 06:35:25
322,dawnjourney07,dawnjourney07@relay.cloud,2024-06-14 16:35:53
323,proudlagoon44,proudlagoon44@relay.cloud,2024-11-15 00:43:02
324,younglagoon25,younglagoon25@relay.cloud,2024-05-30 08:57:37
325,livelylagoon33,livelylagoon33@opswise.net,2025-07-30 06:54:05
326,harborquartz53,harborquartz53@relay.cloud,2025-08-09 13:24:45
327,jadesignal60,jadesignal60@hackstack.io,2025-05-08 06:41:15
328,mellowanchor00,mellowanchor00@example.com,2025-06-14 21:49:09
329,emberbeacon39,emberbeacon39@example.com,2025-07-17 13:02:06
330,calmsignal77,calmsignal77@hackstack.io,2024-12-18 06:29:43
331,quietquartz83,quietquartz83@seeded.app,2024-11-30 18:22:45
332,ambermeadow83,ambermeadow83@hackstack.io,2026-01-15 10:37:56
333,forestjourney40,forestjourney40@opswise.net,2024-07-27 18:08:37
334,livelyisland67,livelyisland67@relay.cloud,2024-01-10 00:43:07
335,harborisland78,harborisland78@seeded.app,2025-06-15 04:26:54
336,harborengine62,harborengine62@example.com,2024-08-10 10:42:55
337,jadeorbit44,jadeorbit44@acme.dev,2024-09-07 02:10:37
338,youngriver22,youngriver22@seeded.app,2024-07-26 05:35:21
339,mellowdelta92,mellowdelta92@hackstack.io,2025-02-10 12:07:14
340,prouduplink03,prouduplink03@opswise.net,2024-01-11 10:32:05
341,calmsignal71,calmsignal71@opswise.net,2024-07-03 16:53:17
342,dawngarden22,dawngarden22@hackstack.io,2025-02-14 05:43:26
343,jadevalley35,jadevalley35@opswise.net,2024-10-13 09:07:48
344,rapidquartz33,rapidquartz33@hackstack.io,2026-01-09 15:39:35
345,amberquartz38,amberquartz38@opswise.net,2025-04-16 04:54:54
346,keendelta70,keendelta70@seeded.app,2025-07-28 11:44:31
347,urbannetwork03,urbannetwork03@example.com,2026-01-24 09:25:29
348,dawnuplink29,dawnuplink29@hackstack.io,2024-01-26 01:11:41
349,rapidyard75,rapidyard75@hackstack.io,2026-01-26 11:44:07
350,forestcanyon61,forestcanyon61@acme.dev,2024-07-16 05:59:36
351,quietuplink19,quietuplink19@opswise.net,2025-08-31 16:20:46
352,emberjourney72,emberjourney72@opswise.net,2025-02-01 06:32:43
353,rapidjourney78,rapidjourney78@example.com,2024-09-08 15:11:33
354,silverwindow63,silverwindow63@seeded.app,2024-07-15 03:22:13
355,clearfield12,clearfield12@seeded.app,2025-10-25 20:58:12
356,navyriver95,navyriver95@acme.dev,2025-10-25 01:32:14
357,warmvalley87,warmvalley87@example.com,2025-08-26 15:44:33
358,rapidharvest41,rapidharvest41@opswise.net,2024-11-07 21:07:02
359,livelyorbit38,livelyorbit38@seeded.app,2025-03-29 16:39:48
360,goldtrail11,goldtrail11@acme.dev,2024-06-20 22:12:17
361,briskharvest08,briskharvest08@acme.dev,2024-11-14 04:38:44
362,forestriver03,forestriver03@relay.cloud,2024-02-06 16:31:36
363,quietcanyon70,quietcanyon70@seeded.app,2025-08-03 06:16:27
364,harborsignal66,harborsignal66@hackstack.io,2024-11-12 12:08:33
365,calmisland85,calmisland85@acme.dev,2025-10-09 12:00:06
366,goldtrail76,goldtrail76@opswise.net,2025-05-23 12:06:13
367,navymeadow79,navymeadow79@seeded.app,2026-01-11 11:56:22
368,amberdelta18,amberdelta18@opswise.net,2025-11-12 04:43:40
369,quietharvest56,quietharvest56@relay.cloud,2025-01-02 04:30:03
370,opallagoon51,opallagoon51@seeded.app,2024-02-10 09:59:21
371,warmzenith75,warmzenith75@opswise.net,2025-03-22 13:17:35
372,cobaltlagoon02,cobaltlagoon02@acme.dev,2025-09-01 07:51:40
373,warmlagoon57,warmlagoon57@relay.cloud,2024-10-18 04:12:22
374,vividnetwork56,vividnetwork56@example.com,2025-07-18 22:30:20
375,navykernel99,navykernel99@opswise.net,2025-05-30 11:58:42
376,urbanyard06,urbanyard06@seeded.app,2024-12-13 23:39:25
377,clearanchor58,clearanchor58@hackstack.io,2024-01-27 19:00:48
378,mellowbeacon29,mellowbeacon29@hackstack.io,2025-05-15 03:25:59
379,clearcanyon31,clearcanyon31@seeded.app,2024-01-13 13:46:26
380,emberharvest92,emberharvest92@example.com,2025-06-30 16:11:48
381,brisktrail25,brisktrail25@relay.cloud,2025-04-25 14:03:35
382,harborcanyon60,harborcanyon60@relay.cloud,2025-10-31 13:50:19
383,ivorypioneer98,ivorypioneer98@example.com,2024-07-20 12:21:28
384,calmuplink07,calmuplink07@relay.cloud,2025-08-02 12:14:06
385,ivoryzenith52,ivoryzenith52@example.com,2024-06-30 03:36:35
386,amberriver23,amberriver23@opswise.net,2025-07-09 23:48:40
387,clearkernel60,clearkernel60@opswise.net,2025-03-23 13:48:30
388,jadecanyon49,jadecanyon49@hackstack.io,2025-07-28 19:03:15
389,emberquartz40,emberquartz40@acme.dev,2025-10-03 07:52:13
390,jadekernel70,jadekernel70@example.com,2024-10-17 01:44:59
391,silveruplink29,silveruplink29@relay.cloud,2025-08-18 21:43:42
392,jadedelta55,jadedelta55@seeded.app,2025-12-07 01:04:37
393,embergarden93,embergarden93@hackstack.io,2025-01-08 23:48:27
394,calmfield40,calmfield40@relay.cloud,2025-10-31 03:20:13
395,goldsignal03,goldsignal03@acme.dev,2025-10-22 04:13:06
396,rapidsignal60,rapidsignal60@acme.dev,2024-01-18 11:54:36
397,ivorylagoon70,ivorylagoon70@acme.dev,2024-09-23 06:58:08
398,navywindow17,navywindow17@acme.dev,2025-01-28 22:52:48
399,quietzenith99,quietzenith99@example.com,2024-11-12 13:51:00
400,livelynetwork53,livelynetwork53@relay.cloud,2024-05-09 21:16:48
